demo	role	required_for	git_delivery	bytes	sha256	path
shared	rubber_hand_robot_urdf	train_smoke_evaluate	tracked	42863	7ed217f28ed6e3b1fa864bf0aadd527ed5ad319361ecefaeccd56e81306a4a25	src/holosoma/holosoma/data/robots/g1/main_mesh_collision_rubberhand.urdf
demo3	runtime_reference	train_smoke_evaluate	tracked	2016704	5baedb3f109402c521590701263facfa6b42649f4f18bdcefb5933d9b4a7caf5	src/holosoma/holosoma/data/motions/g1_29dof/whole_body_tracking/demo3_tug/sub3_010_diagonal_tug_runtime.npz
demo3	square_table_urdf	train_smoke_evaluate	tracked	3126	386da8a4201a9365f7d4eef9e6ae2fb326c2777fac4998b72c4af6de693f9d1b	src/holosoma/holosoma/data/motions/g1_29dof/whole_body_tracking/objects_squaretable_demo3_training.urdf
demo3	actor164_warm_start	smoke_current_formal_candidate	external_logs	2330077	048f952cad01d5fda42851502347ee626751dccab923905af303eb44807ef01b	logs/Demo3Tug/checkpoints/model_07999_actor164_table_neutral.pt
demo3	actor164_manifest	provenance_optional	external_logs	708	7dfc2470c89c1ae43bd0d8e8bb4c8c3550c9948e79739085b769aed6fa7a2394	logs/Demo3Tug/checkpoints/model_07999_actor164_table_neutral.json
demo4	runtime_reference	train_smoke_evaluate	tracked	1988423	3eb482e1bdb9072b50054c5501cda1d4646bef39ef754df55c03c281626199f3	src/holosoma/holosoma/data/motions/g1_29dof/whole_body_tracking/demo4_rotate/demo4_pull_pull_static_table_runtime.npz
demo4	viser_reference	layout_preview_optional	tracked	63375	706143a04c8f04c5165470b8d661ba5a9fb41b80ab7103913d4a5e968606369b	src/holosoma/holosoma/data/motions/g1_29dof/whole_body_tracking/demo4_rotate/demo4_pull_pull_static_table_viser.npz
demo4	rectangular_table_urdf	train_smoke_evaluate	tracked	3151	c260652d23e31dc0978a167137c45727cddb156eebedab77c9a40aa30079a8c2	src/holosoma/holosoma/data/motions/g1_29dof/whole_body_tracking/objects_widetable_plan5_pull_training.urdf
demo4	pull08050_warm_start	train_smoke_evaluate	external_logs	8241543	727630e9cec654d88bfb454d5eaabd70d7db629478598a2039140653a57cbf43	logs/Plan5Pull/pull_20kg_full8000_from_critic50_seed721_env2048/model_08050.pt
